config_name,algo,n,final_mean,final_std,best_mean,best_std,auc_mean,auc_std,collapse_count,walltime_mean
halfcheetah_pc_actor_critic_adam_tanh_ts10_bench_mt10_clip05,pc_actor_critic,2,578.91,154.07000000000002,663.89,239.05000000000004,360.255,300.635,0,324.8
halfcheetah_pc_actor_critic_adam_tanh_ts10_bench_mt10_clip1,pc_actor_critic,3,854.81,160.65630042630343,948.8366666666667,72.85578555536193,552.0166666666668,38.33506865637378,0,425.5333333333333
halfcheetah_pc_actor_critic_adam_tanh_ts10_bench_mt20_clip1,pc_actor_critic,3,649.3966666666666,643.5723705657007,999.8066666666665,148.49548620150793,422.78000000000003,239.40958641346566,1,431.1333333333334
halfcheetah_pc_actor_critic_adam_tanh_ts10_bench_mt40_clip1,pc_actor_critic,3,390.5600000000001,546.5580902947706,909.9666666666667,58.674582988623726,467.6433333333334,71.9935924617987,1,433.90000000000003
halfcheetah_pc_actor_critic_adam_tanh_ts10_bench_mt80_clip1,pc_actor_critic,3,875.21,90.73688261488087,959.4766666666668,136.03794968888477,545.3366666666667,134.100940174018,0,432.90000000000003
halfcheetah_pc_actor_critic_sgd_tanh_ts10_bench_mt10_clip1,pc_actor_critic,3,-11.166666666666666,2.4340546875989086,-8.770000000000001,1.1239217054581694,-10.360000000000001,1.8173056980046038,0,391.3
halfcheetah_pc_actor_critic_sgd_tanh_ts10_bench_mt20_clip1,pc_actor_critic,3,-11.22,2.3983466527311403,-8.366666666666667,1.0199455323147846,-10.17,1.5867577004697346,0,397.5333333333333
halfcheetah_pc_actor_critic_sgd_tanh_ts10_bench_mt40_clip1,pc_actor_critic,3,-11.246666666666668,2.444344947470021,-8.563333333333334,0.7012528470926559,-10.206666666666669,1.6114038048305033,0,395.5
halfcheetah_pc_actor_critic_sgd_tanh_ts10_bench_mt80_clip1,pc_actor_critic,3,-11.443333333333333,2.621225328395524,-8.78,0.9013693286698116,-10.480000000000002,1.8565020872598021,0,398.06666666666666
